﻿<?xml version="1.0" encoding="utf-8"?>
<cms.contentitemcommondata>
  <ContentItemCommonDataContentItemID>
    <CodeName>HarioSkertonHandGrinder-r7j1ce3i</CodeName>
    <GUID>b38c7c0b-5b44-4980-a323-7ecb6ba25c93</GUID>
    <ObjectType>cms.contentitem</ObjectType>
  </ContentItemCommonDataContentItemID>
  <ContentItemCommonDataContentLanguageID>
    <CodeName>en</CodeName>
    <GUID>e4a8fb12-ebc2-45d0-930f-c9fba2780c85</GUID>
    <ObjectType>cms.contentlanguage</ObjectType>
  </ContentItemCommonDataContentLanguageID>
  <ContentItemCommonDataGUID>833fc8f4-f3d0-46e3-a599-b0953dfd9e4c</ContentItemCommonDataGUID>
  <ContentItemCommonDataIsLatest>True</ContentItemCommonDataIsLatest>
  <ContentItemCommonDataLastPublishedWhen>2023-12-19 07:49:45Z</ContentItemCommonDataLastPublishedWhen>
  <ContentItemCommonDataVersionStatus>2</ContentItemCommonDataVersionStatus>
  <ContentItemReferences>
    <cms.contentitemreference>
      <ContentItemReferenceGroupGUID>96360d15-7a01-4b88-a7d6-0e8f95f14513</ContentItemReferenceGroupGUID>
      <ContentItemReferenceGUID>ace64da9-36c5-4ed9-a6ce-8a6271b6cb4a</ContentItemReferenceGUID>
      <ContentItemReferenceSourceCommonDataID>
        <GUID>833fc8f4-f3d0-46e3-a599-b0953dfd9e4c</GUID>
        <ObjectType>cms.contentitemcommondata</ObjectType>
      </ContentItemReferenceSourceCommonDataID>
      <ContentItemReferenceTargetItemID>
        <CodeName>Grinder_HarioSkertonHandGrinder-kte265l3</CodeName>
        <GUID>fe59453e-5e59-422f-97b7-0da25ac54354</GUID>
        <ObjectType>cms.contentitem</ObjectType>
      </ContentItemReferenceTargetItemID>
    </cms.contentitemreference>
  </ContentItemReferences>
</cms.contentitemcommondata>