﻿<?xml version="1.0" encoding="utf-8"?>
<cms.contentitem>
  <ContentItemContentTypeID>
    <CodeName>DancingGoat.Grinder</CodeName>
    <GUID>fa282f6c-4f05-435e-b520-720d1a5347d8</GUID>
    <ObjectType>cms.contenttype</ObjectType>
  </ContentItemContentTypeID>
  <ContentItemGUID>1aaa937c-1423-4b69-947c-d1d5d1374a2e</ContentItemGUID>
  <ContentItemIsReusable>True</ContentItemIsReusable>
  <ContentItemIsSecured>False</ContentItemIsSecured>
  <ContentItemName>AnfimSuperCaimano-o6tkko7z</ContentItemName>
</cms.contentitem>