﻿<?xml version="1.0" encoding="utf-8"?>
<cms.contentitem>
  <ContentItemContentTypeID>
    <CodeName>DancingGoat.Grinder</CodeName>
    <GUID>fa282f6c-4f05-435e-b520-720d1a5347d8</GUID>
    <ObjectType>cms.contenttype</ObjectType>
  </ContentItemContentTypeID>
  <ContentItemGUID>298115f9-55c0-48e3-aa20-3a0a1ce1a2e3</ContentItemGUID>
  <ContentItemIsReusable>True</ContentItemIsReusable>
  <ContentItemIsSecured>False</ContentItemIsSecured>
  <ContentItemName>MacapM4D-9f2wtzfp</ContentItemName>
</cms.contentitem>