﻿<?xml version="1.0" encoding="utf-8"?>
<cms.contentitemcommondata>
  <ContentItemCommonDataContentItemID>
    <CodeName>MacapM4D-9f2wtzfp</CodeName>
    <GUID>298115f9-55c0-48e3-aa20-3a0a1ce1a2e3</GUID>
    <ObjectType>cms.contentitem</ObjectType>
  </ContentItemCommonDataContentItemID>
  <ContentItemCommonDataContentLanguageID>
    <CodeName>en</CodeName>
    <GUID>e4a8fb12-ebc2-45d0-930f-c9fba2780c85</GUID>
    <ObjectType>cms.contentlanguage</ObjectType>
  </ContentItemCommonDataContentLanguageID>
  <ContentItemCommonDataGUID>08aae5a8-574f-4514-9f72-46b9772f70bc</ContentItemCommonDataGUID>
  <ContentItemCommonDataIsLatest>True</ContentItemCommonDataIsLatest>
  <ContentItemCommonDataLastPublishedWhen>2023-12-19 07:49:23Z</ContentItemCommonDataLastPublishedWhen>
  <ContentItemCommonDataVersionStatus>2</ContentItemCommonDataVersionStatus>
  <ContentItemReferences>
    <cms.contentitemreference>
      <ContentItemReferenceGroupGUID>96360d15-7a01-4b88-a7d6-0e8f95f14513</ContentItemReferenceGroupGUID>
      <ContentItemReferenceGUID>16dc4d6a-1bd2-44d7-aa27-625da63d256b</ContentItemReferenceGUID>
      <ContentItemReferenceSourceCommonDataID>
        <GUID>08aae5a8-574f-4514-9f72-46b9772f70bc</GUID>
        <ObjectType>cms.contentitemcommondata</ObjectType>
      </ContentItemReferenceSourceCommonDataID>
      <ContentItemReferenceTargetItemID>
        <CodeName>MacapM4D-d8wt8jia</CodeName>
        <GUID>60771371-3371-42cd-a101-8ffb6d90f318</GUID>
        <ObjectType>cms.contentitem</ObjectType>
      </ContentItemReferenceTargetItemID>
    </cms.contentitemreference>
  </ContentItemReferences>
</cms.contentitemcommondata>