﻿<?xml version="1.0" encoding="utf-8"?>
<contentitemdata.dancinggoat.grinder>
  <ContentItemDataCommonDataID>
    <GUID>833fc8f4-f3d0-46e3-a599-b0953dfd9e4c</GUID>
    <ObjectType>cms.contentitemcommondata</ObjectType>
    <Parent>
      <CodeName>HarioSkertonHandGrinder-r7j1ce3i</CodeName>
      <GUID>b38c7c0b-5b44-4980-a323-7ecb6ba25c93</GUID>
      <ObjectType>cms.contentitem</ObjectType>
    </Parent>
  </ContentItemDataCommonDataID>
  <ContentItemDataGUID>1be414b8-0e35-454c-821f-36c5f4a589dd</ContentItemDataGUID>
  <Description>
    <![CDATA[<p>This grinder is rather small, but it's quick, easy-to-use, and precise. Choose your favorite brewing method and those strong conical ceramic burrs of high quality with thick and durable glass assure you that you won't regret it. But this grinder not only makes good grounds, it's also a pleasure to use! On the bottom, there's anti-slip rubber, and the handle feels awesome. After use, just put it in the dishwasher or wash it by hand, it's so easy.<br id="isPasted"><br>The Hario Skerton Hand Grinder is also usable if you are a traveler. With the included screw top cover, grounds stay fresh and inside the grinder, even on bumpy roads.</p>]]>
  </Description>
  <GrinderManufacturer>
    <![CDATA[[{"Identifier":"b8c50266-b496-4aaf-ab58-022be7c33366"}]]]>
  </GrinderManufacturer>
  <GrinderType>
    <![CDATA[[{"Identifier":"edc520fe-7ad9-4c19-9e2a-ee2da56c41c4"}]]]>
  </GrinderType>
  <Image>
    <![CDATA[[{"Identifier":"fe59453e-5e59-422f-97b7-0da25ac54354"}]]]>
  </Image>
  <Name>Hario Skerton Hand Grinder</Name>
</contentitemdata.dancinggoat.grinder>