﻿<?xml version="1.0" encoding="utf-8"?>
<contentitemdata.dancinggoat.grinder>
  <ContentItemDataCommonDataID>
    <GUID>906ba58b-f60b-4f0b-9417-d06434fd4885</GUID>
    <ObjectType>cms.contentitemcommondata</ObjectType>
    <Parent>
      <CodeName>AnfimSuperCaimano-o6tkko7z</CodeName>
      <GUID>1aaa937c-1423-4b69-947c-d1d5d1374a2e</GUID>
      <ObjectType>cms.contentitem</ObjectType>
    </Parent>
  </ContentItemDataCommonDataID>
  <ContentItemDataGUID>f411e9b7-f0b5-49e3-bfa0-bc4f68bd7f56</ContentItemDataGUID>
  <Description>
    <![CDATA[<p>The Anfim Super Caimano is a Grinder with a capital 'G'. Anfim only produces top level grinders. Their grinders are simple to maintain, have the highest-quality materials, and make a hell of a good coffee. What is the highest quality? Well, take the burrs, for example. They're neither steel nor ceramic. They're titanium. And do you know what? They can do six thousand pounds of coffee in their entire life. So, if you are looking for a grinder for commercial use or if coffee is simply your life, the Anfim Super Caimano is definitely your number one.</p><p><br></p><p>This grinder offers three dosers and a low-speed 450-Watt engine that prevents the grounds from overheating.</p><ul><li>Hardened titanium burrs</li><li>A lifetime capacity for making 5,500–6,600 lb (2,500–3,000 kg) of coffee</li><li>High-quality materials</li><li>Soft and smooth grind</li><li>Easy to use and maintain</li><li>Three seconds per espresso</li><li>Electronic digital timer</li></ul><p>Specifications:</p><ul><li>3" (77 mm) burrs</li><li>Hopper capacity: 4.4 lb (2 kg)</li><li>22.5" H x 7.75" W x 14.5" D (57.2 cm H x 19.7 cm W x 36.8 cm)</li><li>42 lb (19 kg)</li></ul><div class="product-detail-properties"><h4>Parameters</h4><dl class="row"><dt class="col-xs-12 col-sm-4">Power</dt><dd class="col-xs-12 col-sm-8">450W</dd></dl></div>]]>
  </Description>
  <GrinderManufacturer>
    <![CDATA[[{"Identifier":"bb2f322a-e09b-40e9-a54d-4a00a11fbd21"}]]]>
  </GrinderManufacturer>
  <GrinderType>
    <![CDATA[[{"Identifier":"9901b825-8e29-4d17-8cb1-47dc65679fd6"}]]]>
  </GrinderType>
  <Image>
    <![CDATA[[{"Identifier":"da0f6058-65b8-48d1-838d-b4d164839cb9"}]]]>
  </Image>
  <Name>Anfim Super Caimano</Name>
</contentitemdata.dancinggoat.grinder>