﻿<?xml version="1.0" encoding="utf-8"?>
<cms.contentitemcommondata>
  <ContentItemCommonDataContentItemID>
    <CodeName>AnfimSuperCaimano-o6tkko7z</CodeName>
    <GUID>1aaa937c-1423-4b69-947c-d1d5d1374a2e</GUID>
    <ObjectType>cms.contentitem</ObjectType>
  </ContentItemCommonDataContentItemID>
  <ContentItemCommonDataContentLanguageID>
    <CodeName>en</CodeName>
    <GUID>e4a8fb12-ebc2-45d0-930f-c9fba2780c85</GUID>
    <ObjectType>cms.contentlanguage</ObjectType>
  </ContentItemCommonDataContentLanguageID>
  <ContentItemCommonDataGUID>906ba58b-f60b-4f0b-9417-d06434fd4885</ContentItemCommonDataGUID>
  <ContentItemCommonDataIsLatest>True</ContentItemCommonDataIsLatest>
  <ContentItemCommonDataLastPublishedWhen>2023-12-19 07:50:06Z</ContentItemCommonDataLastPublishedWhen>
  <ContentItemCommonDataVersionStatus>2</ContentItemCommonDataVersionStatus>
  <ContentItemReferences>
    <cms.contentitemreference>
      <ContentItemReferenceGroupGUID>96360d15-7a01-4b88-a7d6-0e8f95f14513</ContentItemReferenceGroupGUID>
      <ContentItemReferenceGUID>afaa1e10-4465-4c53-953c-1096f7981274</ContentItemReferenceGUID>
      <ContentItemReferenceSourceCommonDataID>
        <GUID>906ba58b-f60b-4f0b-9417-d06434fd4885</GUID>
        <ObjectType>cms.contentitemcommondata</ObjectType>
      </ContentItemReferenceSourceCommonDataID>
      <ContentItemReferenceTargetItemID>
        <CodeName>Grinder_AnfimSuperCaimano-nu4aq432</CodeName>
        <GUID>da0f6058-65b8-48d1-838d-b4d164839cb9</GUID>
        <ObjectType>cms.contentitem</ObjectType>
      </ContentItemReferenceTargetItemID>
    </cms.contentitemreference>
  </ContentItemReferences>
</cms.contentitemcommondata>