﻿<?xml version="1.0" encoding="utf-8"?>
<cms.contentitemcommondata>
  <ContentItemCommonDataContentItemID>
    <CodeName>ElSalvadorFincaSanJose-nr6bglxm</CodeName>
    <GUID>818df78b-353d-4863-8e9d-287040051249</GUID>
    <ObjectType>cms.contentitem</ObjectType>
  </ContentItemCommonDataContentItemID>
  <ContentItemCommonDataContentLanguageID>
    <CodeName>en</CodeName>
    <GUID>e4a8fb12-ebc2-45d0-930f-c9fba2780c85</GUID>
    <ObjectType>cms.contentlanguage</ObjectType>
  </ContentItemCommonDataContentLanguageID>
  <ContentItemCommonDataGUID>8b206b02-aee2-4b4b-a838-926b0aeea558</ContentItemCommonDataGUID>
  <ContentItemCommonDataIsLatest>True</ContentItemCommonDataIsLatest>
  <ContentItemCommonDataLastPublishedWhen>2024-01-10 09:50:49Z</ContentItemCommonDataLastPublishedWhen>
  <ContentItemCommonDataVersionStatus>2</ContentItemCommonDataVersionStatus>
  <ContentItemReferences>
    <cms.contentitemreference>
      <ContentItemReferenceGroupGUID>e724314d-02c6-46e5-ba00-204c1c88c006</ContentItemReferenceGroupGUID>
      <ContentItemReferenceGUID>d99bb1a4-e3d2-4504-90f4-546cc59e0708</ContentItemReferenceGUID>
      <ContentItemReferenceSourceCommonDataID>
        <GUID>8b206b02-aee2-4b4b-a838-926b0aeea558</GUID>
        <ObjectType>cms.contentitemcommondata</ObjectType>
      </ContentItemReferenceSourceCommonDataID>
      <ContentItemReferenceTargetItemID>
        <CodeName>Products_Salvador.jpg-199mmgqn</CodeName>
        <GUID>279bb55f-81e3-4d93-9cff-8372dc34cdc5</GUID>
        <ObjectType>cms.contentitem</ObjectType>
      </ContentItemReferenceTargetItemID>
    </cms.contentitemreference>
  </ContentItemReferences>
</cms.contentitemcommondata>