﻿<?xml version="1.0" encoding="utf-8"?>
<contentitemdata.dancinggoat.coffee>
  <CoffeeProcessing>
    <![CDATA[[{"Identifier":"272aebe9-a39c-4975-bdf6-cc1e122b36d3"}]]]>
  </CoffeeProcessing>
  <CoffeeShortDescription>
    <![CDATA[Naturally processed Brazilian coffee grown with the nurturing and kindness of the family grower with a creamy mouth sensation, and a cherry and chocolaty flavor.]]>
  </CoffeeShortDescription>
  <CoffeeTastes>
    <![CDATA[[{"Identifier":"098eee31-e8bb-49b8-b425-f9a72e0e130b"}]]]>
  </CoffeeTastes>
  <ContentItemDataCommonDataID>
    <GUID>c18421ee-678f-423a-bee0-985691504c8f</GUID>
    <ObjectType>cms.contentitemcommondata</ObjectType>
    <Parent>
      <CodeName>BrazilNaturalBarraGrande-mtfd4bc3</CodeName>
      <GUID>edb18903-129a-4c33-9ca1-506cfdf4496e</GUID>
      <ObjectType>cms.contentitem</ObjectType>
    </Parent>
  </ContentItemDataCommonDataID>
  <ContentItemDataGUID>136dae01-16fe-47c7-aa2c-3ebac9a4e6f0</ContentItemDataGUID>
  <Description>
    <![CDATA[<p id="isPasted">Taste Natural Barra Grande from the high altitudes of Poco Fundo in Minas Gerais in Brazil, where a family business with a strong keenness on natural processing has been growing coffee for three generations.</p><p><br></p><p>The path of the Barra Grande has not always been so smooth. The father of Sildes Caixeta, the current owner, was forced to sell their company when Sildes was just five years old. After long years of waiting, Sildes managed to buy the company back and now says that this patience is the family secret for growing good coffee and has taught this motto to his son.</p><p><br></p><p>This coffee is a blend of Yellow Catuai and Mundo Novo, whose excellent large beans are patio dried and create a creamy mouth sensation and a cherry flavor with a pinch of chocolate and caramel.</p>]]>
  </Description>
  <Image>
    <![CDATA[[{"Identifier":"25cb8afe-99eb-4b87-ba3f-567c90f91bd3"}]]]>
  </Image>
  <Name>Brazil Natural Barra Grande</Name>
</contentitemdata.dancinggoat.coffee>